Pelajaran Favorit,Minat Utama,Keterampilan Unggulan,Lingkungan Kerja,Tipe Kepribadian,Gaya Belajar,Fakultas
Kimia,Bisnis,Kreativitas,Kantor,Ekstrovert,Visual,SITH
Biologi,Kesehatan,Teknis,Remote,Introvert,Visual,FTI
Matematika,Seni,Komunikasi,Lapangan,Introvert,Visual,FSRD
Matematika,Bisnis,Teknis,Kantor,Introvert,Auditori,FITB
Kimia,Seni,Pemecahan masalah,Remote,Ekstrovert,Auditori,FMIPA
Matematika,Teknik,Pemecahan masalah,Lapangan,Introvert,Kinestetik,FITB
Fisika,Teknik,Pemecahan masalah,Lapangan,Introvert,Kinestetik,FMIPA
Fisika,Teknik,Kreativitas,Lapangan,Introvert,Visual,FTMD
Biologi,Bisnis,Teknis,Remote,Ekstrovert,Auditori,FSRD
Matematika,Teknologi,Teknis,Kantor,Ekstrovert,Visual,SITH
Matematika,Kesehatan,Analitis,Kantor,Introvert,Auditori,FMIPA
Biologi,Seni,Teknis,Remote,Ekstrovert,Auditori,FSRD
Kimia,Kesehatan,Kreativitas,Lapangan,Introvert,Kinestetik,FMIPA
Kimia,Bisnis,Analitis,Kantor,Ekstrovert,Kinestetik,SF
Seni Budaya,Sains,Pemecahan masalah,Lapangan,Introvert,Auditori,SAPPK
Seni Budaya,Kesehatan,Analitis,Lapangan,Introvert,Kinestetik,FTMD
Matematika,Sains,Pemecahan masalah,Remote,Ekstrovert,Auditori,SBM
Biologi,Sains,Pemecahan masalah,Kantor,Introvert,Visual,STEI
Biologi,Sains,Teknis,Remote,Ekstrovert,Visual,SITH
Matematika,Teknik,Analitis,Kantor,Ekstrovert,Kinestetik,FTSL
Kimia,Kesehatan,Analitis,Kantor,Introvert,Visual,FMIPA
Matematika,Seni,Analitis,Remote,Ekstrovert,Visual,SBM
Matematika,Teknik,Teknis,Remote,Ekstrovert,Visual,SAPPK
Biologi,Bisnis,Teknis,Remote,Introvert,Visual,SF
Seni Budaya,Bisnis,Komunikasi,Kantor,Ekstrovert,Auditori,FTI
Fisika,Seni,Komunikasi,Remote,Ekstrovert,Kinestetik,SBM
Matematika,Teknologi,Pemecahan masalah,Lapangan,Introvert,Visual,FTI
Biologi,Teknik,Analitis,Remote,Ekstrovert,Visual,SBM
Matematika,Teknologi,Teknis,Lapangan,Introvert,Visual,FTMD
Seni Budaya,Kesehatan,Komunikasi,Kantor,Ekstrovert,Auditori,FMIPA
Fisika,Kesehatan,Pemecahan masalah,Kantor,Ekstrovert,Auditori,SITH
Kimia,Seni,Analitis,Lapangan,Introvert,Kinestetik,SAPPK
Kimia,Bisnis,Analitis,Kantor,Ekstrovert,Visual,FSRD
Fisika,Bisnis,Teknis,Remote,Introvert,Visual,FSRD
Kimia,Kesehatan,Kreativitas,Kantor,Introvert,Visual,FSRD
Biologi,Sains,Kreativitas,Kantor,Ekstrovert,Visual,FTMD
Matematika,Kesehatan,Komunikasi,Lapangan,Ekstrovert,Kinestetik,SITH
Seni Budaya,Kesehatan,Analitis,Lapangan,Introvert,Kinestetik,FTSL
Biologi,Kesehatan,Kreativitas,Remote,Ekstrovert,Visual,STEI
Fisika,Bisnis,Komunikasi,Lapangan,Introvert,Kinestetik,FTTM
Matematika,Seni,Analitis,Lapangan,Introvert,Visual,SF
Biologi,Teknologi,Kreativitas,Lapangan,Introvert,Kinestetik,FTMD
Kimia,Seni,Kreativitas,Lapangan,Introvert,Kinestetik,FTSL
Kimia,Bisnis,Pemecahan masalah,Kantor,Introvert,Kinestetik,FTI
Matematika,Teknologi,Kreativitas,Remote,Ekstrovert,Auditori,SBM
Fisika,Bisnis,Pemecahan masalah,Remote,Introvert,Auditori,SBM
Fisika,Teknik,Analitis,Remote,Ekstrovert,Kinestetik,FTMD
Biologi,Bisnis,Analitis,Lapangan,Introvert,Auditori,FITB
Fisika,Sains,Analitis,Kantor,Introvert,Auditori,SBM
Kimia,Teknik,Pemecahan masalah,Lapangan,Ekstrovert,Auditori,FTTM
Biologi,Teknik,Komunikasi,Lapangan,Ekstrovert,Auditori,SAPPK
Fisika,Teknologi,Analitis,Remote,Introvert,Visual,FTSL
Fisika,Teknologi,Teknis,Remote,Ekstrovert,Visual,FTSL
Matematika,Teknik,Analitis,Lapangan,Ekstrovert,Auditori,SBM
Seni Budaya,Teknologi,Pemecahan masalah,Lapangan,Introvert,Kinestetik,FTSL
Fisika,Teknologi,Teknis,Remote,Introvert,Kinestetik,SITH
Biologi,Teknik,Analitis,Lapangan,Introvert,Auditori,SITH
Matematika,Teknologi,Teknis,Lapangan,Ekstrovert,Visual,STEI
Fisika,Bisnis,Kreativitas,Remote,Introvert,Auditori,FSRD
Biologi,Bisnis,Kreativitas,Remote,Introvert,Auditori,SBM
Matematika,Seni,Pemecahan masalah,Lapangan,Introvert,Kinestetik,FMIPA
Kimia,Seni,Teknis,Lapangan,Introvert,Kinestetik,FTTM
Kimia,Kesehatan,Kreativitas,Kantor,Ekstrovert,Auditori,FMIPA
Fisika,Teknik,Komunikasi,Kantor,Introvert,Kinestetik,FMIPA
Kimia,Sains,Pemecahan masalah,Remote,Introvert,Visual,FTI
Matematika,Sains,Analitis,Kantor,Ekstrovert,Visual,SAPPK
Matematika,Seni,Analitis,Lapangan,Ekstrovert,Kinestetik,SITH
Matematika,Sains,Kreativitas,Remote,Ekstrovert,Auditori,FITB
Kimia,Seni,Teknis,Lapangan,Introvert,Visual,FTMD
Kimia,Teknologi,Analitis,Remote,Ekstrovert,Auditori,FSRD
Biologi,Teknologi,Komunikasi,Lapangan,Introvert,Kinestetik,FMIPA
Matematika,Sains,Kreativitas,Kantor,Ekstrovert,Kinestetik,FMIPA
Kimia,Teknologi,Pemecahan masalah,Lapangan,Introvert,Kinestetik,SBM
Seni Budaya,Seni,Analitis,Kantor,Introvert,Kinestetik,FTTM
Seni Budaya,Sains,Teknis,Kantor,Introvert,Auditori,STEI
Seni Budaya,Bisnis,Kreativitas,Remote,Introvert,Visual,FTI
Fisika,Seni,Teknis,Lapangan,Ekstrovert,Auditori,FMIPA
Fisika,Teknik,Kreativitas,Lapangan,Introvert,Visual,FTTM
Fisika,Seni,Pemecahan masalah,Lapangan,Ekstrovert,Auditori,SBM
Fisika,Kesehatan,Kreativitas,Lapangan,Introvert,Visual,FSRD
Biologi,Seni,Pemecahan masalah,Lapangan,Introvert,Auditori,FSRD
Biologi,Teknik,Komunikasi,Lapangan,Introvert,Kinestetik,FTTM
Fisika,Teknik,Kreativitas,Lapangan,Ekstrovert,Visual,FTTM
Kimia,Seni,Pemecahan masalah,Kantor,Introvert,Auditori,STEI
Biologi,Teknologi,Teknis,Remote,Ekstrovert,Kinestetik,SF
Kimia,Teknologi,Komunikasi,Kantor,Ekstrovert,Auditori,FSRD
Seni Budaya,Teknik,Komunikasi,Lapangan,Introvert,Auditori,FTTM
Seni Budaya,Seni,Pemecahan masalah,Lapangan,Ekstrovert,Auditori,SBM
Biologi,Teknologi,Analitis,Kantor,Introvert,Auditori,FTMD
Kimia,Teknologi,Teknis,Remote,Ekstrovert,Visual,FITB
Seni Budaya,Kesehatan,Kreativitas,Lapangan,Ekstrovert,Auditori,FITB
Biologi,Bisnis,Komunikasi,Lapangan,Introvert,Kinestetik,FTMD
Matematika,Teknologi,Analitis,Lapangan,Introvert,Kinestetik,FTSL
Kimia,Sains,Kreativitas,Remote,Ekstrovert,Auditori,FTTM
Biologi,Seni,Analitis,Kantor,Ekstrovert,Visual,FSRD
Matematika,Bisnis,Komunikasi,Kantor,Ekstrovert,Kinestetik,FSRD
Biologi,Bisnis,Pemecahan masalah,Lapangan,Ekstrovert,Kinestetik,SAPPK
Kimia,Teknologi,Komunikasi,Kantor,Introvert,Kinestetik,FTMD
Biologi,Bisnis,Komunikasi,Remote,Ekstrovert,Auditori,FSRD
Matematika,Teknologi,Teknis,Kantor,Introvert,Kinestetik,SF
Matematika,Seni,Pemecahan masalah,Lapangan,Introvert,Kinestetik,SAPPK
Seni Budaya,Bisnis,Analitis,Kantor,Introvert,Visual,FSRD
Kimia,Teknologi,Komunikasi,Remote,Introvert,Kinestetik,FTI
Fisika,Sains,Kreativitas,Kantor,Ekstrovert,Kinestetik,FMIPA
Kimia,Teknik,Komunikasi,Remote,Ekstrovert,Kinestetik,FTSL
Biologi,Bisnis,Analitis,Lapangan,Ekstrovert,Kinestetik,FTSL
Biologi,Teknologi,Kreativitas,Kantor,Introvert,Auditori,FTTM
Biologi,Sains,Teknis,Remote,Ekstrovert,Kinestetik,SF
Matematika,Seni,Kreativitas,Kantor,Ekstrovert,Auditori,FTI
Biologi,Teknologi,Komunikasi,Kantor,Introvert,Kinestetik,FMIPA
Fisika,Teknologi,Teknis,Lapangan,Ekstrovert,Kinestetik,FITB
Matematika,Sains,Kreativitas,Lapangan,Introvert,Auditori,FTTM
Fisika,Sains,Analitis,Lapangan,Introvert,Auditori,FTMD
Fisika,Kesehatan,Pemecahan masalah,Remote,Introvert,Visual,FSRD
Fisika,Seni,Analitis,Lapangan,Introvert,Kinestetik,SBM
Fisika,Bisnis,Komunikasi,Remote,Introvert,Visual,SITH
Matematika,Teknik,Komunikasi,Remote,Ekstrovert,Kinestetik,FMIPA
Matematika,Kesehatan,Teknis,Kantor,Ekstrovert,Kinestetik,FSRD
Fisika,Kesehatan,Pemecahan masalah,Lapangan,Ekstrovert,Visual,FITB
Matematika,Sains,Teknis,Lapangan,Introvert,Auditori,FTMD
Matematika,Teknik,Teknis,Lapangan,Ekstrovert,Auditori,FTI
Matematika,Bisnis,Kreativitas,Kantor,Ekstrovert,Visual,SF
Matematika,Kesehatan,Analitis,Lapangan,Introvert,Kinestetik,FTMD
Fisika,Teknik,Pemecahan masalah,Kantor,Introvert,Visual,FTSL
Matematika,Bisnis,Analitis,Lapangan,Introvert,Visual,SBM
Kimia,Seni,Komunikasi,Kantor,Ekstrovert,Auditori,SF
Seni Budaya,Kesehatan,Pemecahan masalah,Remote,Ekstrovert,Kinestetik,SBM
Seni Budaya,Kesehatan,Analitis,Remote,Introvert,Kinestetik,FTMD
Kimia,Bisnis,Pemecahan masalah,Remote,Introvert,Kinestetik,SF
Biologi,Teknik,Pemecahan masalah,Kantor,Introvert,Auditori,STEI
Matematika,Teknologi,Kreativitas,Lapangan,Ekstrovert,Kinestetik,FITB
Biologi,Seni,Komunikasi,Remote,Ekstrovert,Visual,FTTM
Kimia,Teknologi,Kreativitas,Kantor,Ekstrovert,Visual,FTMD
Seni Budaya,Sains,Analitis,Lapangan,Ekstrovert,Auditori,FSRD
Seni Budaya,Bisnis,Analitis,Remote,Ekstrovert,Auditori,STEI
Matematika,Bisnis,Kreativitas,Kantor,Introvert,Auditori,SITH
Kimia,Kesehatan,Teknis,Lapangan,Introvert,Auditori,FTMD
Matematika,Kesehatan,Pemecahan masalah,Remote,Introvert,Auditori,STEI
Fisika,Teknologi,Pemecahan masalah,Lapangan,Introvert,Auditori,FMIPA
Matematika,Kesehatan,Teknis,Lapangan,Introvert,Auditori,FSRD
Fisika,Teknik,Pemecahan masalah,Kantor,Introvert,Auditori,SBM
Seni Budaya,Sains,Analitis,Kantor,Ekstrovert,Auditori,FITB
Biologi,Seni,Pemecahan masalah,Kantor,Introvert,Kinestetik,FTI
Seni Budaya,Sains,Teknis,Kantor,Introvert,Auditori,SF
Fisika,Teknik,Kreativitas,Remote,Ekstrovert,Kinestetik,FTTM
Biologi,Bisnis,Komunikasi,Lapangan,Introvert,Visual,FMIPA
Biologi,Teknik,Komunikasi,Lapangan,Introvert,Auditori,SBM
Matematika,Sains,Pemecahan masalah,Lapangan,Introvert,Visual,STEI
Biologi,Bisnis,Teknis,Lapangan,Introvert,Visual,STEI
Kimia,Teknik,Teknis,Lapangan,Introvert,Kinestetik,FTMD
Biologi,Sains,Komunikasi,Kantor,Introvert,Visual,FTI
Biologi,Seni,Pemecahan masalah,Lapangan,Ekstrovert,Visual,FTI
Biologi,Bisnis,Pemecahan masalah,Kantor,Introvert,Kinestetik,FSRD
Matematika,Teknologi,Teknis,Remote,Ekstrovert,Kinestetik,FSRD
Seni Budaya,Bisnis,Pemecahan masalah,Kantor,Introvert,Visual,FMIPA
Matematika,Teknik,Analitis,Lapangan,Introvert,Kinestetik,FTSL
Kimia,Seni,Analitis,Kantor,Ekstrovert,Visual,SBM
Kimia,Bisnis,Teknis,Lapangan,Introvert,Kinestetik,FSRD
Biologi,Teknologi,Teknis,Remote,Introvert,Auditori,FTSL
Seni Budaya,Bisnis,Pemecahan masalah,Kantor,Introvert,Auditori,FTMD
Matematika,Seni,Analitis,Remote,Introvert,Kinestetik,SBM
Fisika,Seni,Analitis,Kantor,Introvert,Kinestetik,SF
Biologi,Bisnis,Teknis,Kantor,Ekstrovert,Kinestetik,SF
Biologi,Teknologi,Komunikasi,Remote,Ekstrovert,Visual,SAPPK
Biologi,Bisnis,Kreativitas,Remote,Ekstrovert,Visual,FTTM
Matematika,Teknik,Teknis,Lapangan,Introvert,Kinestetik,FTI
Fisika,Teknologi,Teknis,Kantor,Ekstrovert,Kinestetik,SITH
Kimia,Teknologi,Komunikasi,Kantor,Ekstrovert,Auditori,SBM
Fisika,Bisnis,Analitis,Remote,Ekstrovert,Visual,FITB
Matematika,Kesehatan,Kreativitas,Lapangan,Introvert,Visual,FTI
Fisika,Teknologi,Kreativitas,Lapangan,Introvert,Kinestetik,FITB
Matematika,Bisnis,Pemecahan masalah,Lapangan,Introvert,Visual,FTTM
Kimia,Seni,Analitis,Kantor,Introvert,Visual,SITH
Fisika,Teknik,Komunikasi,Lapangan,Introvert,Auditori,SITH
Matematika,Sains,Teknis,Remote,Introvert,Auditori,STEI
Kimia,Bisnis,Komunikasi,Lapangan,Introvert,Visual,STEI
Fisika,Teknik,Komunikasi,Remote,Ekstrovert,Kinestetik,FMIPA
Matematika,Seni,Teknis,Remote,Introvert,Auditori,SITH
Seni Budaya,Teknologi,Komunikasi,Lapangan,Ekstrovert,Auditori,FTI
Matematika,Sains,Komunikasi,Kantor,Ekstrovert,Auditori,SF
Biologi,Teknik,Komunikasi,Kantor,Introvert,Kinestetik,STEI
Kimia,Teknik,Komunikasi,Remote,Ekstrovert,Kinestetik,FTI
Matematika,Teknologi,Pemecahan masalah,Lapangan,Ekstrovert,Visual,FTSL
Biologi,Sains,Pemecahan masalah,Lapangan,Introvert,Visual,FTI
Seni Budaya,Teknik,Pemecahan masalah,Kantor,Ekstrovert,Kinestetik,FTTM
Kimia,Teknik,Analitis,Kantor,Introvert,Visual,FITB
Kimia,Bisnis,Komunikasi,Lapangan,Ekstrovert,Kinestetik,SBM
Matematika,Kesehatan,Teknis,Lapangan,Introvert,Kinestetik,FTTM
Biologi,Bisnis,Kreativitas,Kantor,Ekstrovert,Auditori,SITH
Seni Budaya,Sains,Kreativitas,Remote,Introvert,Auditori,FTTM
Seni Budaya,Seni,Komunikasi,Remote,Ekstrovert,Auditori,SITH
Kimia,Teknik,Teknis,Kantor,Introvert,Visual,SITH
Fisika,Bisnis,Analitis,Kantor,Introvert,Visual,SBM
Seni Budaya,Kesehatan,Kreativitas,Remote,Ekstrovert,Visual,SF
Matematika,Bisnis,Analitis,Remote,Ekstrovert,Auditori,SF
Biologi,Sains,Teknis,Kantor,Ekstrovert,Auditori,FTSL
Kimia,Seni,Komunikasi,Kantor,Ekstrovert,Visual,FTI
Seni Budaya,Teknik,Teknis,Remote,Introvert,Auditori,FTSL
Fisika,Teknik,Komunikasi,Remote,Introvert,Visual,FTTM
Biologi,Teknologi,Teknis,Remote,Introvert,Auditori,SAPPK
Kimia,Teknologi,Komunikasi,Remote,Ekstrovert,Visual,SITH
Matematika,Teknik,Kreativitas,Lapangan,Introvert,Auditori,SITH
Seni Budaya,Teknik,Pemecahan masalah,Kantor,Ekstrovert,Kinestetik,FSRD
Matematika,Kesehatan,Teknis,Remote,Ekstrovert,Kinestetik,FSRD
Biologi,Sains,Teknis,Remote,Introvert,Auditori,FTI
Kimia,Sains,Komunikasi,Remote,Ekstrovert,Auditori,FITB
Seni Budaya,Seni,Komunikasi,Kantor,Introvert,Auditori,FSRD
Kimia,Kesehatan,Kreativitas,Lapangan,Introvert,Visual,SF
Fisika,Bisnis,Analitis,Lapangan,Introvert,Kinestetik,FSRD
Matematika,Seni,Pemecahan masalah,Lapangan,Ekstrovert,Visual,SBM
Fisika,Teknologi,Analitis,Kantor,Ekstrovert,Kinestetik,SF
Fisika,Teknologi,Komunikasi,Kantor,Introvert,Visual,SF
Fisika,Sains,Komunikasi,Lapangan,Introvert,Auditori,STEI
Seni Budaya,Teknik,Kreativitas,Lapangan,Ekstrovert,Visual,FSRD
Kimia,Bisnis,Teknis,Remote,Ekstrovert,Kinestetik,FITB
Matematika,Seni,Analitis,Remote,Introvert,Auditori,FTTM
Kimia,Sains,Teknis,Remote,Ekstrovert,Auditori,SAPPK
Kimia,Teknologi,Analitis,Remote,Introvert,Visual,SAPPK
Biologi,Kesehatan,Kreativitas,Kantor,Introvert,Visual,SITH
Matematika,Sains,Pemecahan masalah,Lapangan,Ekstrovert,Auditori,FTSL
Seni Budaya,Sains,Komunikasi,Kantor,Ekstrovert,Kinestetik,SITH
Matematika,Bisnis,Kreativitas,Remote,Introvert,Auditori,FTSL
Seni Budaya,Bisnis,Pemecahan masalah,Remote,Introvert,Kinestetik,SF
Biologi,Teknologi,Pemecahan masalah,Remote,Ekstrovert,Auditori,FTMD
Fisika,Bisnis,Pemecahan masalah,Lapangan,Ekstrovert,Visual,SITH
Biologi,Bisnis,Pemecahan masalah,Kantor,Ekstrovert,Visual,FTI
Matematika,Bisnis,Kreativitas,Remote,Introvert,Visual,FTMD
Seni Budaya,Teknologi,Komunikasi,Kantor,Introvert,Auditori,SITH
Seni Budaya,Bisnis,Pemecahan masalah,Kantor,Introvert,Visual,FITB
Biologi,Sains,Pemecahan masalah,Lapangan,Introvert,Kinestetik,SITH
Biologi,Kesehatan,Pemecahan masalah,Remote,Introvert,Auditori,FSRD
Seni Budaya,Teknik,Kreativitas,Lapangan,Introvert,Auditori,SITH
Fisika,Sains,Pemecahan masalah,Remote,Introvert,Visual,FMIPA
Matematika,Sains,Analitis,Kantor,Introvert,Kinestetik,SITH
Seni Budaya,Kesehatan,Kreativitas,Kantor,Ekstrovert,Kinestetik,FTI
Fisika,Teknologi,Teknis,Kantor,Introvert,Kinestetik,SITH
Seni Budaya,Kesehatan,Pemecahan masalah,Kantor,Ekstrovert,Kinestetik,FITB
Seni Budaya,Teknologi,Analitis,Lapangan,Introvert,Auditori,FMIPA
Matematika,Teknik,Komunikasi,Kantor,Introvert,Kinestetik,FTSL
Matematika,Seni,Teknis,Remote,Introvert,Visual,FTMD
Biologi,Kesehatan,Teknis,Remote,Introvert,Auditori,FMIPA
Fisika,Teknologi,Komunikasi,Remote,Ekstrovert,Auditori,SAPPK
Matematika,Teknik,Analitis,Lapangan,Introvert,Auditori,SITH
Biologi,Seni,Pemecahan masalah,Lapangan,Introvert,Visual,FTI
Fisika,Teknik,Kreativitas,Lapangan,Ekstrovert,Visual,FTTM
Fisika,Teknik,Kreativitas,Remote,Ekstrovert,Kinestetik,SF
Seni Budaya,Teknik,Teknis,Lapangan,Ekstrovert,Kinestetik,FTTM
Fisika,Bisnis,Kreativitas,Lapangan,Ekstrovert,Visual,SITH
Kimia,Sains,Teknis,Kantor,Introvert,Kinestetik,FITB
Seni Budaya,Bisnis,Komunikasi,Kantor,Ekstrovert,Auditori,SAPPK
Kimia,Bisnis,Teknis,Lapangan,Introvert,Kinestetik,FTMD
Matematika,Teknologi,Komunikasi,Remote,Introvert,Auditori,FTI
Kimia,Teknik,Pemecahan masalah,Kantor,Ekstrovert,Kinestetik,FSRD
Fisika,Kesehatan,Komunikasi,Kantor,Ekstrovert,Visual,FITB
Matematika,Teknologi,Analitis,Lapangan,Introvert,Kinestetik,FTTM
Kimia,Kesehatan,Teknis,Lapangan,Ekstrovert,Kinestetik,SBM
Kimia,Teknologi,Komunikasi,Remote,Ekstrovert,Visual,SBM
Biologi,Bisnis,Kreativitas,Lapangan,Ekstrovert,Visual,FITB
Biologi,Teknologi,Teknis,Remote,Introvert,Kinestetik,FTI
Matematika,Kesehatan,Analitis,Kantor,Ekstrovert,Kinestetik,FTI
Seni Budaya,Bisnis,Pemecahan masalah,Remote,Ekstrovert,Visual,SAPPK
Biologi,Teknologi,Pemecahan masalah,Lapangan,Ekstrovert,Auditori,FTSL
Seni Budaya,Teknik,Kreativitas,Kantor,Ekstrovert,Kinestetik,FTI
Matematika,Seni,Komunikasi,Kantor,Ekstrovert,Auditori,FTTM
Biologi,Teknik,Pemecahan masalah,Lapangan,Ekstrovert,Kinestetik,FITB
Kimia,Seni,Pemecahan masalah,Lapangan,Ekstrovert,Kinestetik,STEI
Matematika,Sains,Analitis,Lapangan,Ekstrovert,Auditori,STEI
Seni Budaya,Teknik,Teknis,Kantor,Ekstrovert,Kinestetik,FTMD
Kimia,Sains,Analitis,Lapangan,Ekstrovert,Visual,SITH
Biologi,Seni,Teknis,Lapangan,Ekstrovert,Visual,FTTM
Matematika,Bisnis,Analitis,Lapangan,Ekstrovert,Kinestetik,FTTM
Fisika,Sains,Teknis,Remote,Introvert,Visual,FSRD
Fisika,Seni,Analitis,Remote,Ekstrovert,Auditori,STEI
Kimia,Seni,Kreativitas,Lapangan,Ekstrovert,Kinestetik,FTSL
Kimia,Teknologi,Pemecahan masalah,Lapangan,Ekstrovert,Kinestetik,FTSL
Fisika,Bisnis,Pemecahan masalah,Lapangan,Ekstrovert,Auditori,SITH
Kimia,Seni,Kreativitas,Kantor,Ekstrovert,Visual,FTSL
Seni Budaya,Sains,Komunikasi,Remote,Ekstrovert,Auditori,FTTM
Seni Budaya,Teknik,Teknis,Kantor,Introvert,Kinestetik,SBM
Fisika,Bisnis,Analitis,Lapangan,Ekstrovert,Auditori,SAPPK
Biologi,Teknologi,Komunikasi,Lapangan,Ekstrovert,Visual,STEI
Fisika,Teknik,Teknis,Lapangan,Introvert,Auditori,FITB
Seni Budaya,Sains,Teknis,Remote,Ekstrovert,Visual,FITB
Biologi,Sains,Teknis,Remote,Introvert,Kinestetik,FITB
Seni Budaya,Kesehatan,Pemecahan masalah,Lapangan,Introvert,Auditori,SF
Biologi,Teknologi,Kreativitas,Kantor,Ekstrovert,Auditori,FITB
Fisika,Sains,Komunikasi,Kantor,Ekstrovert,Kinestetik,SITH
Seni Budaya,Bisnis,Komunikasi,Remote,Introvert,Kinestetik,STEI
Seni Budaya,Kesehatan,Pemecahan masalah,Kantor,Ekstrovert,Kinestetik,SAPPK
Matematika,Kesehatan,Analitis,Kantor,Ekstrovert,Kinestetik,FTSL
Matematika,Sains,Teknis,Lapangan,Introvert,Kinestetik,SAPPK
Fisika,Seni,Teknis,Kantor,Introvert,Visual,FTI
Fisika,Teknologi,Komunikasi,Lapangan,Introvert,Auditori,STEI
Matematika,Teknik,Pemecahan masalah,Kantor,Ekstrovert,Auditori,FTMD
Matematika,Kesehatan,Pemecahan masalah,Lapangan,Introvert,Auditori,FMIPA
Matematika,Sains,Kreativitas,Lapangan,Introvert,Visual,FSRD
Matematika,Kesehatan,Analitis,Kantor,Introvert,Kinestetik,SF
Seni Budaya,Teknologi,Kreativitas,Lapangan,Introvert,Kinestetik,FSRD
Matematika,Seni,Kreativitas,Remote,Introvert,Visual,FTMD
Matematika,Teknologi,Pemecahan masalah,Remote,Ekstrovert,Kinestetik,SF
Matematika,Kesehatan,Teknis,Kantor,Introvert,Visual,SAPPK
Biologi,Sains,Pemecahan masalah,Remote,Ekstrovert,Auditori,SBM
Matematika,Kesehatan,Komunikasi,Remote,Ekstrovert,Visual,FTTM
Fisika,Teknologi,Kreativitas,Kantor,Ekstrovert,Auditori,SAPPK
Fisika,Seni,Analitis,Remote,Ekstrovert,Auditori,SAPPK
Biologi,Bisnis,Analitis,Remote,Introvert,Auditori,FTMD
Kimia,Teknik,Komunikasi,Kantor,Introvert,Kinestetik,FMIPA
Kimia,Teknik,Komunikasi,Kantor,Introvert,Auditori,SBM
Seni Budaya,Kesehatan,Komunikasi,Remote,Ekstrovert,Visual,SITH
Matematika,Sains,Komunikasi,Lapangan,Introvert,Auditori,FTSL
Seni Budaya,Teknik,Komunikasi,Remote,Introvert,Visual,SF
Biologi,Bisnis,Komunikasi,Remote,Ekstrovert,Kinestetik,FTTM
Seni Budaya,Sains,Komunikasi,Kantor,Introvert,Visual,FMIPA
Kimia,Sains,Kreativitas,Remote,Introvert,Visual,SF
Biologi,Teknik,Analitis,Remote,Introvert,Kinestetik,FMIPA
Seni Budaya,Bisnis,Kreativitas,Lapangan,Introvert,Auditori,SITH
Kimia,Teknologi,Analitis,Lapangan,Introvert,Visual,SBM
Biologi,Teknologi,Komunikasi,Lapangan,Introvert,Visual,FTI
Kimia,Bisnis,Teknis,Remote,Ekstrovert,Visual,STEI
Seni Budaya,Teknik,Teknis,Remote,Introvert,Auditori,FTTM
Kimia,Teknik,Pemecahan masalah,Remote,Introvert,Kinestetik,FTSL
Matematika,Bisnis,Analitis,Lapangan,Introvert,Kinestetik,FTSL
Kimia,Kesehatan,Pemecahan masalah,Lapangan,Introvert,Visual,SAPPK
Biologi,Teknologi,Teknis,Kantor,Introvert,Visual,SITH
Kimia,Bisnis,Analitis,Lapangan,Ekstrovert,Kinestetik,STEI
Kimia,Kesehatan,Komunikasi,Remote,Ekstrovert,Auditori,FITB
Kimia,Bisnis,Pemecahan masalah,Lapangan,Ekstrovert,Kinestetik,FTTM
Matematika,Teknologi,Teknis,Remote,Ekstrovert,Kinestetik,SBM
Biologi,Teknologi,Kreativitas,Kantor,Introvert,Visual,SF
Kimia,Seni,Analitis,Remote,Introvert,Visual,STEI
Fisika,Bisnis,Pemecahan masalah,Remote,Ekstrovert,Kinestetik,FSRD
Biologi,Kesehatan,Teknis,Kantor,Introvert,Visual,FTMD
Matematika,Bisnis,Analitis,Kantor,Ekstrovert,Auditori,FTTM
Kimia,Sains,Analitis,Remote,Ekstrovert,Kinestetik,SF
Seni Budaya,Teknologi,Teknis,Remote,Ekstrovert,Auditori,FITB
Kimia,Kesehatan,Teknis,Remote,Ekstrovert,Kinestetik,SF
Fisika,Sains,Komunikasi,Kantor,Introvert,Kinestetik,FTI
Kimia,Teknik,Kreativitas,Remote,Ekstrovert,Kinestetik,FTI
Seni Budaya,Bisnis,Kreativitas,Lapangan,Introvert,Auditori,FTI
Seni Budaya,Kesehatan,Komunikasi,Kantor,Introvert,Kinestetik,SAPPK
Matematika,Bisnis,Pemecahan masalah,Kantor,Ekstrovert,Kinestetik,FITB
Seni Budaya,Teknologi,Teknis,Lapangan,Introvert,Visual,SAPPK
Matematika,Bisnis,Kreativitas,Lapangan,Introvert,Visual,FTTM
Kimia,Kesehatan,Komunikasi,Kantor,Introvert,Visual,FTI
Matematika,Bisnis,Komunikasi,Remote,Introvert,Auditori,FTMD
Matematika,Seni,Teknis,Kantor,Introvert,Visual,FTTM
Seni Budaya,Kesehatan,Komunikasi,Remote,Introvert,Visual,FTSL
Matematika,Seni,Teknis,Remote,Ekstrovert,Auditori,SBM
Fisika,Teknik,Pemecahan masalah,Remote,Introvert,Auditori,FTI
Kimia,Kesehatan,Teknis,Remote,Ekstrovert,Auditori,FTTM
Biologi,Sains,Komunikasi,Kantor,Introvert,Visual,STEI
Biologi,Teknik,Teknis,Remote,Introvert,Auditori,FTI
Seni Budaya,Sains,Pemecahan masalah,Kantor,Ekstrovert,Auditori,SAPPK
Matematika,Seni,Komunikasi,Remote,Introvert,Auditori,STEI
Matematika,Teknik,Pemecahan masalah,Remote,Introvert,Auditori,FSRD
Biologi,Sains,Komunikasi,Kantor,Ekstrovert,Visual,FITB
Fisika,Kesehatan,Pemecahan masalah,Kantor,Introvert,Auditori,FTTM
Kimia,Seni,Pemecahan masalah,Lapangan,Introvert,Auditori,FSRD
Fisika,Seni,Analitis,Remote,Introvert,Kinestetik,FTSL
Fisika,Bisnis,Komunikasi,Lapangan,Introvert,Kinestetik,FMIPA
Kimia,Teknologi,Teknis,Kantor,Ekstrovert,Kinestetik,SITH
Fisika,Kesehatan,Kreativitas,Kantor,Introvert,Kinestetik,FTTM
Biologi,Teknologi,Pemecahan masalah,Kantor,Ekstrovert,Auditori,SITH
Seni Budaya,Bisnis,Analitis,Lapangan,Ekstrovert,Kinestetik,FTTM
Seni Budaya,Bisnis,Analitis,Kantor,Introvert,Kinestetik,STEI
Seni Budaya,Teknik,Kreativitas,Remote,Ekstrovert,Visual,FSRD
Kimia,Seni,Kreativitas,Kantor,Introvert,Auditori,STEI
Matematika,Kesehatan,Pemecahan masalah,Remote,Ekstrovert,Kinestetik,STEI
Matematika,Seni,Analitis,Lapangan,Introvert,Kinestetik,SITH
Matematika,Bisnis,Komunikasi,Remote,Ekstrovert,Kinestetik,FMIPA
Fisika,Sains,Kreativitas,Lapangan,Introvert,Visual,SITH
Fisika,Kesehatan,Komunikasi,Remote,Ekstrovert,Auditori,FTSL
Biologi,Teknik,Pemecahan masalah,Remote,Introvert,Kinestetik,FITB
Kimia,Teknik,Pemecahan masalah,Remote,Introvert,Auditori,STEI
Seni Budaya,Teknik,Analitis,Kantor,Ekstrovert,Visual,FITB
Fisika,Teknik,Pemecahan masalah,Kantor,Introvert,Auditori,FSRD
Biologi,Seni,Analitis,Kantor,Ekstrovert,Kinestetik,SF
Seni Budaya,Teknik,Komunikasi,Kantor,Introvert,Kinestetik,FTI
Seni Budaya,Bisnis,Teknis,Remote,Ekstrovert,Auditori,STEI
Kimia,Teknologi,Pemecahan masalah,Lapangan,Ekstrovert,Kinestetik,SBM
Fisika,Sains,Teknis,Lapangan,Ekstrovert,Visual,FMIPA
Kimia,Seni,Komunikasi,Remote,Introvert,Visual,FTMD
Seni Budaya,Seni,Analitis,Remote,Ekstrovert,Visual,FTI
Seni Budaya,Bisnis,Komunikasi,Remote,Introvert,Kinestetik,SF
Matematika,Kesehatan,Analitis,Lapangan,Ekstrovert,Kinestetik,FTMD
Matematika,Kesehatan,Kreativitas,Remote,Introvert,Kinestetik,FMIPA
Biologi,Kesehatan,Analitis,Remote,Ekstrovert,Kinestetik,FTTM
Biologi,Kesehatan,Teknis,Remote,Ekstrovert,Kinestetik,FTSL
Matematika,Seni,Analitis,Kantor,Ekstrovert,Visual,FSRD
Fisika,Kesehatan,Analitis,Remote,Ekstrovert,Auditori,FTMD
Biologi,Bisnis,Analitis,Lapangan,Ekstrovert,Kinestetik,SAPPK
Matematika,Kesehatan,Pemecahan masalah,Remote,Introvert,Visual,FTTM
Fisika,Seni,Teknis,Lapangan,Ekstrovert,Visual,SF
Kimia,Teknologi,Analitis,Kantor,Ekstrovert,Auditori,FITB
Fisika,Teknik,Analitis,Lapangan,Ekstrovert,Auditori,SF
Matematika,Seni,Komunikasi,Kantor,Ekstrovert,Kinestetik,SITH
Fisika,Teknik,Pemecahan masalah,Kantor,Ekstrovert,Visual,FTTM
Biologi,Sains,Teknis,Lapangan,Introvert,Visual,SBM
Matematika,Seni,Pemecahan masalah,Kantor,Ekstrovert,Visual,SBM
Biologi,Kesehatan,Kreativitas,Remote,Ekstrovert,Auditori,SF
Biologi,Seni,Analitis,Lapangan,Ekstrovert,Kinestetik,SBM
Kimia,Teknik,Pemecahan masalah,Lapangan,Ekstrovert,Kinestetik,FTTM
Matematika,Sains,Analitis,Lapangan,Ekstrovert,Kinestetik,SBM
Matematika,Kesehatan,Kreativitas,Kantor,Introvert,Kinestetik,SITH
Kimia,Sains,Kreativitas,Remote,Introvert,Kinestetik,SBM
Matematika,Seni,Komunikasi,Remote,Introvert,Visual,FITB
Biologi,Sains,Teknis,Remote,Introvert,Visual,FITB
Fisika,Bisnis,Teknis,Kantor,Introvert,Visual,SBM
Kimia,Seni,Analitis,Remote,Ekstrovert,Visual,FTI
Kimia,Sains,Kreativitas,Remote,Introvert,Visual,SAPPK
Matematika,Teknik,Teknis,Kantor,Ekstrovert,Visual,SF
Fisika,Sains,Komunikasi,Kantor,Introvert,Kinestetik,FMIPA
Kimia,Teknik,Kreativitas,Kantor,Ekstrovert,Kinestetik,FITB
Kimia,Sains,Pemecahan masalah,Kantor,Ekstrovert,Auditori,SAPPK
Seni Budaya,Kesehatan,Komunikasi,Remote,Ekstrovert,Auditori,SITH
Fisika,Teknik,Teknis,Lapangan,Introvert,Visual,SBM
Biologi,Teknologi,Pemecahan masalah,Kantor,Ekstrovert,Auditori,FTSL
Seni Budaya,Bisnis,Teknis,Lapangan,Introvert,Kinestetik,STEI
Kimia,Sains,Teknis,Remote,Introvert,Kinestetik,FMIPA
Matematika,Sains,Komunikasi,Kantor,Ekstrovert,Visual,FTI
Kimia,Sains,Analitis,Remote,Ekstrovert,Kinestetik,SBM
Seni Budaya,Sains,Teknis,Lapangan,Introvert,Auditori,SBM
Kimia,Bisnis,Komunikasi,Remote,Introvert,Kinestetik,FTSL
Seni Budaya,Bisnis,Komunikasi,Lapangan,Ekstrovert,Visual,FMIPA
Fisika,Teknologi,Kreativitas,Lapangan,Ekstrovert,Visual,FTSL
Fisika,Teknologi,Komunikasi,Remote,Ekstrovert,Visual,FTMD
Fisika,Sains,Pemecahan masalah,Kantor,Introvert,Kinestetik,FTSL
Matematika,Teknik,Pemecahan masalah,Remote,Ekstrovert,Visual,FMIPA
Fisika,Seni,Teknis,Kantor,Ekstrovert,Auditori,FMIPA
Seni Budaya,Teknik,Teknis,Remote,Ekstrovert,Visual,FITB
Kimia,Seni,Kreativitas,Kantor,Introvert,Auditori,SAPPK
Fisika,Teknik,Analitis,Lapangan,Ekstrovert,Visual,STEI
Matematika,Seni,Pemecahan masalah,Kantor,Introvert,Visual,SF
Biologi,Seni,Komunikasi,Remote,Ekstrovert,Visual,STEI
Fisika,Seni,Kreativitas,Kantor,Ekstrovert,Kinestetik,FTMD
Biologi,Kesehatan,Kreativitas,Kantor,Introvert,Kinestetik,SAPPK
Biologi,Teknik,Pemecahan masalah,Lapangan,Ekstrovert,Auditori,FTI
Kimia,Sains,Kreativitas,Kantor,Introvert,Visual,SAPPK
Kimia,Teknik,Kreativitas,Lapangan,Introvert,Auditori,SITH
Biologi,Teknik,Kreativitas,Remote,Introvert,Visual,FSRD
Seni Budaya,Seni,Teknis,Remote,Introvert,Kinestetik,SF
Matematika,Kesehatan,Analitis,Kantor,Introvert,Auditori,FSRD
Biologi,Teknik,Teknis,Kantor,Introvert,Visual,SF
Seni Budaya,Kesehatan,Teknis,Remote,Ekstrovert,Auditori,FTMD
Kimia,Kesehatan,Komunikasi,Remote,Introvert,Visual,FSRD
Fisika,Bisnis,Kreativitas,Lapangan,Ekstrovert,Visual,SBM
Biologi,Teknologi,Kreativitas,Kantor,Ekstrovert,Visual,SF
Kimia,Teknologi,Teknis,Kantor,Introvert,Auditori,FTSL
Fisika,Sains,Kreativitas,Kantor,Ekstrovert,Visual,SAPPK
Kimia,Kesehatan,Kreativitas,Lapangan,Ekstrovert,Kinestetik,FMIPA
Kimia,Teknologi,Kreativitas,Kantor,Ekstrovert,Auditori,FTI
Biologi,Sains,Teknis,Kantor,Introvert,Auditori,FSRD
Kimia,Seni,Teknis,Remote,Introvert,Auditori,FTTM
Seni Budaya,Sains,Komunikasi,Kantor,Ekstrovert,Visual,SF
Fisika,Teknologi,Pemecahan masalah,Remote,Introvert,Visual,STEI
Biologi,Teknik,Pemecahan masalah,Remote,Ekstrovert,Visual,FITB
Biologi,Kesehatan,Analitis,Lapangan,Introvert,Auditori,FTSL
Kimia,Sains,Kreativitas,Lapangan,Introvert,Auditori,FTI
Kimia,Teknologi,Analitis,Remote,Introvert,Visual,FSRD
Biologi,Seni,Komunikasi,Lapangan,Ekstrovert,Kinestetik,SBM
Fisika,Kesehatan,Analitis,Remote,Introvert,Auditori,SBM
Kimia,Seni,Pemecahan masalah,Kantor,Introvert,Kinestetik,SBM
Seni Budaya,Teknologi,Komunikasi,Lapangan,Ekstrovert,Kinestetik,FTI
Seni Budaya,Seni,Analitis,Lapangan,Introvert,Kinestetik,FSRD
Biologi,Bisnis,Kreativitas,Lapangan,Ekstrovert,Kinestetik,FTMD
Matematika,Kesehatan,Analitis,Kantor,Introvert,Kinestetik,STEI
Matematika,Seni,Pemecahan masalah,Kantor,Introvert,Kinestetik,FITB
Matematika,Teknik,Analitis,Remote,Ekstrovert,Auditori,SAPPK
Biologi,Kesehatan,Kreativitas,Kantor,Ekstrovert,Visual,FTI
Seni Budaya,Sains,Kreativitas,Remote,Ekstrovert,Kinestetik,FTI
Kimia,Seni,Pemecahan masalah,Kantor,Ekstrovert,Visual,SBM
Fisika,Seni,Pemecahan masalah,Lapangan,Introvert,Auditori,SAPPK
Seni Budaya,Seni,Komunikasi,Remote,Ekstrovert,Visual,FMIPA
Kimia,Teknologi,Komunikasi,Kantor,Introvert,Auditori,SBM
Fisika,Kesehatan,Analitis,Lapangan,Ekstrovert,Auditori,FTI
Seni Budaya,Bisnis,Analitis,Kantor,Ekstrovert,Visual,FTSL
Kimia,Bisnis,Komunikasi,Kantor,Ekstrovert,Kinestetik,FMIPA
Matematika,Bisnis,Kreativitas,Kantor,Introvert,Kinestetik,FTI
Biologi,Sains,Teknis,Kantor,Introvert,Auditori,SITH
Biologi,Seni,Pemecahan masalah,Kantor,Introvert,Auditori,SAPPK
Matematika,Kesehatan,Pemecahan masalah,Kantor,Ekstrovert,Kinestetik,FMIPA
Biologi,Teknik,Teknis,Kantor,Ekstrovert,Visual,FTI
Seni Budaya,Sains,Pemecahan masalah,Kantor,Introvert,Visual,SAPPK
Seni Budaya,Sains,Kreativitas,Lapangan,Ekstrovert,Kinestetik,STEI
Biologi,Bisnis,Teknis,Remote,Ekstrovert,Kinestetik,FSRD
Fisika,Teknologi,Teknis,Kantor,Ekstrovert,Kinestetik,FSRD
Seni Budaya,Sains,Pemecahan masalah,Lapangan,Introvert,Kinestetik,FTSL
Fisika,Bisnis,Komunikasi,Lapangan,Ekstrovert,Auditori,SBM
Fisika,Teknologi,Analitis,Kantor,Introvert,Visual,FMIPA
Matematika,Sains,Analitis,Kantor,Introvert,Visual,FTMD
Fisika,Teknologi,Analitis,Lapangan,Ekstrovert,Visual,FTSL
Biologi,Teknologi,Kreativitas,Remote,Introvert,Kinestetik,SITH
Biologi,Sains,Teknis,Lapangan,Ekstrovert,Visual,FITB
Biologi,Bisnis,Analitis,Remote,Introvert,Visual,FTMD
Kimia,Teknologi,Kreativitas,Lapangan,Ekstrovert,Auditori,SITH
Kimia,Bisnis,Kreativitas,Lapangan,Introvert,Visual,FITB
Kimia,Bisnis,Pemecahan masalah,Lapangan,Introvert,Visual,FTTM
Seni Budaya,Sains,Teknis,Lapangan,Ekstrovert,Auditori,FTI
Biologi,Sains,Komunikasi,Kantor,Ekstrovert,Visual,FTI
Seni Budaya,Sains,Komunikasi,Lapangan,Ekstrovert,Kinestetik,STEI
Kimia,Seni,Teknis,Lapangan,Ekstrovert,Visual,FMIPA
Biologi,Kesehatan,Kreativitas,Remote,Ekstrovert,Kinestetik,FTI
Seni Budaya,Sains,Teknis,Lapangan,Introvert,Kinestetik,STEI
Kimia,Teknologi,Pemecahan masalah,Kantor,Ekstrovert,Auditori,FTTM
Matematika,Teknik,Kreativitas,Kantor,Introvert,Auditori,SITH
Seni Budaya,Teknologi,Komunikasi,Lapangan,Ekstrovert,Auditori,FTI
Biologi,Teknologi,Kreativitas,Lapangan,Introvert,Kinestetik,STEI
Biologi,Sains,Teknis,Remote,Ekstrovert,Auditori,FMIPA
Fisika,Teknologi,Teknis,Remote,Ekstrovert,Visual,STEI
Kimia,Teknologi,Analitis,Kantor,Ekstrovert,Visual,SF
Kimia,Seni,Pemecahan masalah,Kantor,Ekstrovert,Auditori,FTTM
Biologi,Seni,Komunikasi,Lapangan,Introvert,Kinestetik,FSRD
Matematika,Teknik,Kreativitas,Kantor,Ekstrovert,Kinestetik,FTSL
Biologi,Bisnis,Komunikasi,Lapangan,Introvert,Visual,SITH
Matematika,Teknologi,Teknis,Kantor,Introvert,Visual,SF
Fisika,Sains,Teknis,Kantor,Ekstrovert,Kinestetik,FTMD
Biologi,Kesehatan,Kreativitas,Remote,Ekstrovert,Kinestetik,STEI
Fisika,Seni,Pemecahan masalah,Lapangan,Introvert,Visual,SAPPK
Matematika,Teknologi,Pemecahan masalah,Kantor,Ekstrovert,Auditori,SBM
Seni Budaya,Seni,Analitis,Lapangan,Ekstrovert,Kinestetik,SAPPK
Matematika,Teknik,Komunikasi,Kantor,Introvert,Visual,SAPPK
Fisika,Seni,Kreativitas,Remote,Introvert,Visual,SF
Matematika,Teknologi,Teknis,Kantor,Introvert,Auditori,STEI
Fisika,Teknik,Pemecahan masalah,Remote,Ekstrovert,Kinestetik,FTI
Biologi,Sains,Teknis,Remote,Introvert,Visual,SITH
Kimia,Teknologi,Pemecahan masalah,Kantor,Introvert,Visual,FMIPA
Fisika,Bisnis,Analitis,Kantor,Introvert,Visual,FSRD
Kimia,Teknik,Teknis,Remote,Ekstrovert,Visual,SBM
Fisika,Teknologi,Analitis,Remote,Ekstrovert,Auditori,FTTM
Matematika,Sains,Teknis,Kantor,Introvert,Visual,STEI
Kimia,Sains,Pemecahan masalah,Lapangan,Introvert,Kinestetik,FTI
Seni Budaya,Teknik,Pemecahan masalah,Remote,Ekstrovert,Auditori,SITH
Matematika,Teknologi,Teknis,Lapangan,Ekstrovert,Visual,SAPPK
Biologi,Teknologi,Pemecahan masalah,Remote,Ekstrovert,Auditori,FTMD
Biologi,Teknologi,Komunikasi,Lapangan,Introvert,Kinestetik,STEI
Biologi,Teknik,Analitis,Remote,Introvert,Auditori,STEI
Kimia,Kesehatan,Kreativitas,Remote,Introvert,Auditori,SITH
Biologi,Bisnis,Analitis,Remote,Introvert,Visual,FTMD
Kimia,Bisnis,Analitis,Lapangan,Introvert,Kinestetik,SBM
Fisika,Teknik,Pemecahan masalah,Remote,Ekstrovert,Auditori,FTMD
Fisika,Seni,Teknis,Kantor,Ekstrovert,Auditori,SAPPK
Fisika,Teknologi,Analitis,Lapangan,Introvert,Visual,FTMD
Fisika,Sains,Kreativitas,Remote,Ekstrovert,Kinestetik,SF
Matematika,Sains,Analitis,Remote,Ekstrovert,Kinestetik,FTI
Fisika,Sains,Teknis,Kantor,Introvert,Auditori,SAPPK
Biologi,Sains,Kreativitas,Kantor,Introvert,Kinestetik,STEI
Biologi,Teknologi,Komunikasi,Lapangan,Introvert,Kinestetik,FITB
Kimia,Teknik,Teknis,Lapangan,Introvert,Visual,FTSL
Seni Budaya,Sains,Analitis,Kantor,Ekstrovert,Kinestetik,FITB
Fisika,Seni,Teknis,Remote,Ekstrovert,Kinestetik,STEI
Biologi,Bisnis,Teknis,Lapangan,Introvert,Kinestetik,FTI
Fisika,Teknik,Teknis,Kantor,Ekstrovert,Kinestetik,FITB
Matematika,Sains,Analitis,Kantor,Introvert,Auditori,SITH
Matematika,Sains,Teknis,Remote,Introvert,Visual,FTMD
Matematika,Sains,Teknis,Lapangan,Ekstrovert,Kinestetik,FSRD
Matematika,Teknologi,Kreativitas,Kantor,Introvert,Auditori,FTMD
Matematika,Kesehatan,Pemecahan masalah,Lapangan,Ekstrovert,Kinestetik,STEI
Matematika,Seni,Komunikasi,Lapangan,Ekstrovert,Kinestetik,FTI
Matematika,Seni,Analitis,Remote,Introvert,Kinestetik,FMIPA
Kimia,Bisnis,Teknis,Lapangan,Ekstrovert,Auditori,FTMD
Biologi,Sains,Komunikasi,Lapangan,Ekstrovert,Auditori,FSRD
Seni Budaya,Seni,Kreativitas,Remote,Ekstrovert,Auditori,STEI
Matematika,Sains,Komunikasi,Lapangan,Introvert,Visual,FTI
Biologi,Teknologi,Pemecahan masalah,Lapangan,Introvert,Visual,SBM
Biologi,Seni,Analitis,Lapangan,Introvert,Kinestetik,SBM
Matematika,Seni,Kreativitas,Kantor,Introvert,Kinestetik,SAPPK
Seni Budaya,Sains,Pemecahan masalah,Lapangan,Ekstrovert,Kinestetik,FMIPA
Kimia,Teknik,Analitis,Kantor,Ekstrovert,Kinestetik,FITB
Fisika,Bisnis,Komunikasi,Kantor,Ekstrovert,Auditori,SF
Seni Budaya,Teknologi,Analitis,Kantor,Introvert,Auditori,SITH
Matematika,Sains,Komunikasi,Remote,Ekstrovert,Visual,SAPPK
Fisika,Kesehatan,Kreativitas,Lapangan,Introvert,Kinestetik,FMIPA
Biologi,Teknologi,Komunikasi,Lapangan,Introvert,Auditori,SBM
Seni Budaya,Seni,Analitis,Kantor,Introvert,Kinestetik,FTI
Biologi,Sains,Teknis,Kantor,Ekstrovert,Auditori,FTMD
Matematika,Kesehatan,Pemecahan masalah,Kantor,Introvert,Kinestetik,FTSL
Seni Budaya,Teknologi,Pemecahan masalah,Remote,Introvert,Auditori,SF
Biologi,Seni,Analitis,Remote,Introvert,Kinestetik,STEI
Biologi,Seni,Kreativitas,Kantor,Introvert,Auditori,FTSL
Matematika,Teknik,Teknis,Remote,Ekstrovert,Kinestetik,FMIPA
Matematika,Kesehatan,Analitis,Lapangan,Introvert,Visual,FTMD
Seni Budaya,Teknik,Kreativitas,Lapangan,Introvert,Kinestetik,FTMD
Biologi,Teknik,Teknis,Remote,Introvert,Auditori,SBM
Seni Budaya,Teknik,Analitis,Kantor,Ekstrovert,Auditori,FTMD
Fisika,Kesehatan,Pemecahan masalah,Lapangan,Introvert,Visual,FSRD
Seni Budaya,Bisnis,Komunikasi,Remote,Introvert,Visual,SF
Matematika,Sains,Pemecahan masalah,Kantor,Introvert,Auditori,SBM
Kimia,Bisnis,Kreativitas,Lapangan,Introvert,Kinestetik,SAPPK
Biologi,Teknik,Analitis,Remote,Introvert,Kinestetik,STEI
Seni Budaya,Sains,Komunikasi,Kantor,Introvert,Auditori,FITB
Seni Budaya,Bisnis,Pemecahan masalah,Remote,Introvert,Visual,FSRD
Seni Budaya,Teknologi,Komunikasi,Lapangan,Ekstrovert,Kinestetik,SITH
Matematika,Kesehatan,Kreativitas,Lapangan,Ekstrovert,Visual,FTSL
Kimia,Sains,Analitis,Remote,Introvert,Kinestetik,SF
Seni Budaya,Bisnis,Analitis,Kantor,Ekstrovert,Visual,SF
Seni Budaya,Teknologi,Komunikasi,Lapangan,Ekstrovert,Visual,FTI
Fisika,Seni,Kreativitas,Kantor,Ekstrovert,Kinestetik,FITB
Kimia,Bisnis,Analitis,Remote,Introvert,Visual,FMIPA
Matematika,Teknologi,Komunikasi,Kantor,Introvert,Kinestetik,FTTM
Kimia,Bisnis,Teknis,Kantor,Introvert,Visual,FITB
Seni Budaya,Bisnis,Komunikasi,Kantor,Introvert,Visual,FSRD
Seni Budaya,Teknologi,Teknis,Lapangan,Introvert,Kinestetik,FSRD
Biologi,Seni,Teknis,Remote,Introvert,Visual,FITB
Biologi,Seni,Komunikasi,Kantor,Introvert,Visual,FTTM
Kimia,Teknologi,Kreativitas,Kantor,Ekstrovert,Auditori,SBM
Seni Budaya,Kesehatan,Kreativitas,Lapangan,Introvert,Kinestetik,SITH
Fisika,Teknik,Teknis,Kantor,Ekstrovert,Auditori,FSRD
Biologi,Teknik,Teknis,Lapangan,Ekstrovert,Auditori,FTMD
Biologi,Teknologi,Kreativitas,Kantor,Ekstrovert,Kinestetik,FTTM
Kimia,Seni,Analitis,Kantor,Introvert,Visual,FTI
Fisika,Kesehatan,Kreativitas,Kantor,Introvert,Auditori,SITH
Fisika,Bisnis,Teknis,Lapangan,Introvert,Visual,FTTM
Kimia,Sains,Komunikasi,Remote,Introvert,Kinestetik,FSRD
Biologi,Teknologi,Kreativitas,Remote,Ekstrovert,Kinestetik,SF
Kimia,Teknik,Kreativitas,Remote,Ekstrovert,Kinestetik,STEI
Seni Budaya,Teknik,Komunikasi,Lapangan,Ekstrovert,Auditori,FITB
Seni Budaya,Teknologi,Analitis,Kantor,Ekstrovert,Visual,FITB
Biologi,Seni,Teknis,Lapangan,Ekstrovert,Visual,FTI
Biologi,Bisnis,Pemecahan masalah,Kantor,Ekstrovert,Visual,SAPPK
Biologi,Kesehatan,Teknis,Lapangan,Introvert,Kinestetik,FTSL
Matematika,Seni,Analitis,Kantor,Ekstrovert,Visual,FTMD
Biologi,Seni,Kreativitas,Lapangan,Ekstrovert,Visual,FTI
Biologi,Sains,Teknis,Remote,Ekstrovert,Kinestetik,SITH
Matematika,Kesehatan,Teknis,Kantor,Introvert,Visual,STEI
Biologi,Teknologi,Pemecahan masalah,Remote,Introvert,Visual,STEI
Fisika,Teknologi,Analitis,Remote,Ekstrovert,Kinestetik,SF
Biologi,Teknologi,Kreativitas,Kantor,Ekstrovert,Visual,FMIPA
Fisika,Teknologi,Komunikasi,Lapangan,Ekstrovert,Visual,SBM
Biologi,Sains,Teknis,Remote,Ekstrovert,Auditori,STEI
Fisika,Sains,Komunikasi,Lapangan,Ekstrovert,Kinestetik,FSRD
Matematika,Teknik,Komunikasi,Remote,Ekstrovert,Kinestetik,STEI
Matematika,Bisnis,Analitis,Lapangan,Introvert,Visual,SAPPK
Matematika,Bisnis,Analitis,Kantor,Introvert,Auditori,SITH
Kimia,Teknologi,Analitis,Lapangan,Introvert,Kinestetik,SITH
Biologi,Bisnis,Kreativitas,Remote,Introvert,Auditori,FTSL
Matematika,Sains,Pemecahan masalah,Lapangan,Introvert,Visual,SAPPK
Fisika,Sains,Pemecahan masalah,Remote,Introvert,Kinestetik,SITH
Matematika,Bisnis,Komunikasi,Lapangan,Introvert,Auditori,FITB
Kimia,Bisnis,Kreativitas,Remote,Introvert,Auditori,FITB
Kimia,Teknologi,Kreativitas,Lapangan,Introvert,Auditori,FITB
Seni Budaya,Sains,Kreativitas,Remote,Introvert,Auditori,FSRD
Matematika,Seni,Kreativitas,Remote,Ekstrovert,Auditori,FTSL
Kimia,Teknologi,Pemecahan masalah,Kantor,Ekstrovert,Auditori,STEI
Fisika,Sains,Pemecahan masalah,Lapangan,Introvert,Auditori,STEI
Fisika,Bisnis,Komunikasi,Remote,Introvert,Auditori,FSRD
Kimia,Bisnis,Teknis,Remote,Ekstrovert,Kinestetik,SBM
Biologi,Bisnis,Pemecahan masalah,Lapangan,Ekstrovert,Auditori,FITB
Kimia,Seni,Pemecahan masalah,Kantor,Introvert,Kinestetik,FITB
Fisika,Teknologi,Analitis,Remote,Introvert,Visual,FMIPA
Fisika,Seni,Pemecahan masalah,Kantor,Introvert,Kinestetik,FSRD
Kimia,Teknologi,Kreativitas,Lapangan,Ekstrovert,Auditori,FSRD
Kimia,Bisnis,Komunikasi,Lapangan,Ekstrovert,Visual,FTMD
Seni Budaya,Sains,Kreativitas,Kantor,Ekstrovert,Visual,SAPPK
Seni Budaya,Sains,Pemecahan masalah,Lapangan,Introvert,Kinestetik,FTSL
Biologi,Kesehatan,Analitis,Remote,Introvert,Kinestetik,SBM
Biologi,Sains,Komunikasi,Lapangan,Introvert,Visual,FTMD
Seni Budaya,Sains,Analitis,Remote,Ekstrovert,Auditori,FITB
Matematika,Sains,Analitis,Lapangan,Introvert,Kinestetik,FTMD
Seni Budaya,Bisnis,Pemecahan masalah,Remote,Ekstrovert,Auditori,FTI
Fisika,Kesehatan,Teknis,Remote,Introvert,Kinestetik,FSRD
Kimia,Teknik,Pemecahan masalah,Kantor,Ekstrovert,Kinestetik,FITB
Matematika,Kesehatan,Teknis,Remote,Ekstrovert,Visual,SAPPK
Kimia,Sains,Kreativitas,Lapangan,Introvert,Auditori,STEI
Seni Budaya,Seni,Analitis,Kantor,Introvert,Auditori,SF
Matematika,Seni,Pemecahan masalah,Lapangan,Ekstrovert,Visual,SITH
Fisika,Teknik,Kreativitas,Remote,Introvert,Visual,FTTM
Kimia,Bisnis,Teknis,Remote,Ekstrovert,Kinestetik,SITH
Biologi,Bisnis,Kreativitas,Remote,Introvert,Kinestetik,STEI
Seni Budaya,Teknik,Teknis,Kantor,Introvert,Visual,SITH
Matematika,Seni,Kreativitas,Remote,Introvert,Visual,SF
Fisika,Seni,Teknis,Kantor,Ekstrovert,Auditori,FTMD
Kimia,Sains,Komunikasi,Kantor,Introvert,Visual,FTMD
Kimia,Teknologi,Analitis,Kantor,Ekstrovert,Auditori,SITH
Kimia,Bisnis,Pemecahan masalah,Kantor,Introvert,Kinestetik,SBM
Seni Budaya,Teknik,Komunikasi,Kantor,Ekstrovert,Auditori,SAPPK
Matematika,Seni,Komunikasi,Kantor,Ekstrovert,Kinestetik,FITB
Biologi,Teknologi,Teknis,Kantor,Introvert,Kinestetik,FSRD
Biologi,Bisnis,Pemecahan masalah,Kantor,Ekstrovert,Kinestetik,STEI
Fisika,Bisnis,Komunikasi,Kantor,Introvert,Visual,SITH
Biologi,Kesehatan,Komunikasi,Remote,Ekstrovert,Kinestetik,SITH
Fisika,Teknologi,Teknis,Lapangan,Ekstrovert,Visual,SBM
Seni Budaya,Kesehatan,Kreativitas,Remote,Introvert,Visual,FTTM
Matematika,Bisnis,Teknis,Lapangan,Ekstrovert,Auditori,FMIPA
Seni Budaya,Sains,Teknis,Remote,Introvert,Auditori,SF
Kimia,Teknik,Komunikasi,Kantor,Ekstrovert,Kinestetik,FTI
Biologi,Teknik,Pemecahan masalah,Lapangan,Ekstrovert,Kinestetik,FTTM
Biologi,Bisnis,Pemecahan masalah,Kantor,Introvert,Auditori,FSRD
Seni Budaya,Teknologi,Teknis,Lapangan,Ekstrovert,Kinestetik,FTSL
Fisika,Sains,Pemecahan masalah,Lapangan,Ekstrovert,Auditori,FMIPA
Seni Budaya,Kesehatan,Teknis,Kantor,Introvert,Visual,SF
Matematika,Sains,Analitis,Lapangan,Ekstrovert,Visual,FTI
Matematika,Sains,Analitis,Remote,Ekstrovert,Visual,SF
Matematika,Bisnis,Teknis,Remote,Ekstrovert,Visual,FSRD
Fisika,Bisnis,Pemecahan masalah,Kantor,Ekstrovert,Visual,FTSL
Matematika,Kesehatan,Analitis,Remote,Introvert,Auditori,FTMD
Biologi,Sains,Pemecahan masalah,Lapangan,Ekstrovert,Auditori,FTMD
Biologi,Sains,Teknis,Remote,Ekstrovert,Kinestetik,FSRD
Fisika,Bisnis,Analitis,Kantor,Introvert,Auditori,FTMD
Kimia,Teknik,Analitis,Lapangan,Ekstrovert,Auditori,SF
Biologi,Teknik,Teknis,Kantor,Ekstrovert,Kinestetik,FTI
Matematika,Bisnis,Teknis,Lapangan,Introvert,Visual,FTMD
Fisika,Teknologi,Kreativitas,Remote,Ekstrovert,Auditori,FTI
Matematika,Kesehatan,Komunikasi,Remote,Introvert,Kinestetik,FTI
Matematika,Bisnis,Teknis,Kantor,Introvert,Visual,FMIPA
Biologi,Teknologi,Pemecahan masalah,Remote,Introvert,Visual,FTTM
Seni Budaya,Teknik,Analitis,Lapangan,Ekstrovert,Visual,SAPPK
Seni Budaya,Kesehatan,Komunikasi,Remote,Introvert,Kinestetik,FMIPA
Fisika,Kesehatan,Kreativitas,Remote,Introvert,Kinestetik,SITH
Biologi,Seni,Pemecahan masalah,Kantor,Ekstrovert,Kinestetik,SAPPK
Fisika,Kesehatan,Pemecahan masalah,Remote,Ekstrovert,Visual,FMIPA
Kimia,Bisnis,Pemecahan masalah,Kantor,Introvert,Visual,FTMD
Biologi,Sains,Komunikasi,Lapangan,Introvert,Visual,FMIPA
Fisika,Seni,Teknis,Lapangan,Introvert,Visual,STEI
Kimia,Teknik,Kreativitas,Lapangan,Introvert,Kinestetik,SBM
Seni Budaya,Kesehatan,Teknis,Kantor,Introvert,Visual,SAPPK
Biologi,Kesehatan,Analitis,Kantor,Introvert,Auditori,FMIPA
Kimia,Teknologi,Analitis,Remote,Ekstrovert,Auditori,STEI
Seni Budaya,Teknik,Pemecahan masalah,Remote,Introvert,Kinestetik,FMIPA
Fisika,Sains,Pemecahan masalah,Remote,Introvert,Visual,FTTM
Fisika,Teknologi,Kreativitas,Remote,Introvert,Kinestetik,FSRD
Kimia,Teknik,Teknis,Remote,Ekstrovert,Auditori,FTTM
Matematika,Teknik,Teknis,Kantor,Introvert,Visual,STEI
Kimia,Sains,Pemecahan masalah,Lapangan,Introvert,Visual,FTMD
Seni Budaya,Teknologi,Komunikasi,Remote,Introvert,Auditori,FSRD
Seni Budaya,Teknik,Kreativitas,Remote,Introvert,Auditori,FITB
Fisika,Teknik,Teknis,Kantor,Introvert,Auditori,FTMD
Fisika,Seni,Analitis,Lapangan,Ekstrovert,Kinestetik,SF
Biologi,Teknologi,Kreativitas,Kantor,Ekstrovert,Kinestetik,STEI
Seni Budaya,Teknologi,Kreativitas,Lapangan,Introvert,Auditori,FMIPA
Fisika,Seni,Kreativitas,Lapangan,Ekstrovert,Visual,STEI
Fisika,Kesehatan,Teknis,Kantor,Ekstrovert,Kinestetik,SF
Seni Budaya,Kesehatan,Komunikasi,Lapangan,Introvert,Visual,STEI
Matematika,Bisnis,Komunikasi,Lapangan,Introvert,Kinestetik,FMIPA
Matematika,Bisnis,Komunikasi,Remote,Introvert,Visual,STEI
Biologi,Teknik,Komunikasi,Remote,Ekstrovert,Visual,FTI
Seni Budaya,Teknologi,Kreativitas,Remote,Ekstrovert,Kinestetik,FITB
Fisika,Bisnis,Komunikasi,Lapangan,Ekstrovert,Auditori,FTI
Seni Budaya,Seni,Pemecahan masalah,Lapangan,Ekstrovert,Kinestetik,FSRD
Seni Budaya,Teknik,Analitis,Kantor,Ekstrovert,Auditori,SITH
Biologi,Sains,Teknis,Kantor,Ekstrovert,Kinestetik,SITH
Matematika,Seni,Analitis,Kantor,Ekstrovert,Auditori,FITB
Kimia,Seni,Pemecahan masalah,Lapangan,Introvert,Kinestetik,STEI
Kimia,Sains,Analitis,Kantor,Ekstrovert,Visual,FTMD
Kimia,Sains,Analitis,Lapangan,Ekstrovert,Kinestetik,FTTM
Matematika,Teknik,Pemecahan masalah,Kantor,Introvert,Visual,FTTM
Biologi,Sains,Analitis,Remote,Introvert,Visual,FSRD
Kimia,Bisnis,Analitis,Lapangan,Introvert,Kinestetik,FITB
Biologi,Seni,Pemecahan masalah,Remote,Ekstrovert,Kinestetik,FITB
Matematika,Bisnis,Kreativitas,Lapangan,Ekstrovert,Visual,FTI
Biologi,Kesehatan,Komunikasi,Remote,Introvert,Auditori,FSRD
Seni Budaya,Seni,Komunikasi,Lapangan,Ekstrovert,Kinestetik,STEI
Kimia,Teknik,Pemecahan masalah,Lapangan,Ekstrovert,Auditori,FITB
Seni Budaya,Teknologi,Komunikasi,Lapangan,Ekstrovert,Visual,FTTM
Seni Budaya,Seni,Kreativitas,Remote,Introvert,Auditori,SF
Fisika,Kesehatan,Teknis,Lapangan,Introvert,Auditori,SAPPK
Fisika,Kesehatan,Kreativitas,Kantor,Introvert,Auditori,FTTM
Matematika,Sains,Analitis,Remote,Introvert,Visual,FTSL
Seni Budaya,Kesehatan,Pemecahan masalah,Kantor,Introvert,Visual,FTI
Seni Budaya,Bisnis,Pemecahan masalah,Remote,Ekstrovert,Auditori,SAPPK
Fisika,Kesehatan,Komunikasi,Lapangan,Ekstrovert,Visual,SAPPK
Seni Budaya,Teknologi,Analitis,Kantor,Introvert,Visual,SITH
Seni Budaya,Teknologi,Pemecahan masalah,Kantor,Ekstrovert,Kinestetik,SAPPK
Kimia,Kesehatan,Komunikasi,Kantor,Introvert,Auditori,SAPPK
Fisika,Teknik,Pemecahan masalah,Kantor,Ekstrovert,Visual,STEI
Kimia,Kesehatan,Pemecahan masalah,Remote,Ekstrovert,Auditori,FITB
Kimia,Bisnis,Komunikasi,Lapangan,Ekstrovert,Visual,FTTM
Seni Budaya,Kesehatan,Kreativitas,Lapangan,Introvert,Visual,FTTM
Fisika,Teknik,Teknis,Lapangan,Ekstrovert,Auditori,SBM
Kimia,Kesehatan,Kreativitas,Lapangan,Introvert,Visual,FTI
Seni Budaya,Teknik,Kreativitas,Kantor,Introvert,Auditori,STEI
Matematika,Seni,Pemecahan masalah,Lapangan,Introvert,Visual,FITB
Biologi,Teknik,Pemecahan masalah,Remote,Introvert,Kinestetik,FTMD
Biologi,Seni,Kreativitas,Lapangan,Introvert,Auditori,FITB
Kimia,Kesehatan,Teknis,Lapangan,Ekstrovert,Auditori,FSRD
Seni Budaya,Sains,Pemecahan masalah,Remote,Introvert,Visual,FTSL
Fisika,Seni,Pemecahan masalah,Remote,Introvert,Auditori,STEI
Seni Budaya,Sains,Komunikasi,Remote,Ekstrovert,Auditori,FTTM
Fisika,Teknik,Komunikasi,Lapangan,Introvert,Kinestetik,FTI
Fisika,Kesehatan,Teknis,Kantor,Ekstrovert,Visual,FTTM
Seni Budaya,Teknik,Kreativitas,Lapangan,Introvert,Kinestetik,FITB
Kimia,Kesehatan,Teknis,Kantor,Introvert,Visual,SITH
Biologi,Teknik,Pemecahan masalah,Remote,Ekstrovert,Visual,FITB
Fisika,Seni,Kreativitas,Remote,Introvert,Kinestetik,FTSL
Biologi,Bisnis,Komunikasi,Kantor,Ekstrovert,Visual,FTMD
Fisika,Seni,Komunikasi,Remote,Introvert,Visual,SF
Kimia,Seni,Analitis,Remote,Introvert,Visual,FMIPA
Fisika,Kesehatan,Analitis,Lapangan,Ekstrovert,Auditori,FTTM
Matematika,Bisnis,Pemecahan masalah,Kantor,Ekstrovert,Visual,FTTM
Biologi,Teknologi,Analitis,Lapangan,Ekstrovert,Visual,SITH
Matematika,Teknologi,Pemecahan masalah,Kantor,Ekstrovert,Auditori,SAPPK
Fisika,Bisnis,Komunikasi,Lapangan,Ekstrovert,Kinestetik,FITB
Seni Budaya,Teknologi,Teknis,Lapangan,Introvert,Visual,SAPPK
Fisika,Sains,Kreativitas,Lapangan,Introvert,Auditori,SBM
Biologi,Sains,Teknis,Kantor,Ekstrovert,Auditori,SITH
Biologi,Teknik,Komunikasi,Kantor,Ekstrovert,Auditori,FSRD
Biologi,Kesehatan,Kreativitas,Kantor,Introvert,Auditori,FMIPA
Fisika,Bisnis,Pemecahan masalah,Remote,Ekstrovert,Auditori,SAPPK
Fisika,Seni,Analitis,Remote,Ekstrovert,Visual,SF
Fisika,Bisnis,Pemecahan masalah,Remote,Ekstrovert,Auditori,SITH
Kimia,Teknologi,Teknis,Lapangan,Introvert,Visual,SBM
Fisika,Teknologi,Teknis,Remote,Ekstrovert,Kinestetik,SBM
Seni Budaya,Seni,Analitis,Remote,Introvert,Kinestetik,STEI
Matematika,Seni,Kreativitas,Remote,Introvert,Visual,SBM
Fisika,Teknologi,Pemecahan masalah,Lapangan,Introvert,Auditori,SITH
Biologi,Bisnis,Pemecahan masalah,Lapangan,Ekstrovert,Auditori,SF
Biologi,Kesehatan,Komunikasi,Kantor,Introvert,Visual,FTMD
Fisika,Sains,Analitis,Remote,Ekstrovert,Auditori,FTSL
Biologi,Seni,Pemecahan masalah,Remote,Introvert,Auditori,SITH
Fisika,Kesehatan,Kreativitas,Lapangan,Introvert,Visual,FTMD
Seni Budaya,Seni,Kreativitas,Lapangan,Introvert,Kinestetik,SITH
Fisika,Seni,Teknis,Kantor,Introvert,Kinestetik,FTMD
Biologi,Teknologi,Teknis,Kantor,Ekstrovert,Visual,FTMD
Kimia,Teknologi,Komunikasi,Lapangan,Introvert,Visual,FTI
Fisika,Teknik,Pemecahan masalah,Lapangan,Ekstrovert,Auditori,FSRD
Fisika,Sains,Kreativitas,Remote,Introvert,Kinestetik,FMIPA
Biologi,Kesehatan,Pemecahan masalah,Lapangan,Ekstrovert,Kinestetik,FITB
Biologi,Sains,Analitis,Kantor,Introvert,Kinestetik,FTTM
Biologi,Seni,Kreativitas,Remote,Ekstrovert,Visual,SF
Biologi,Teknologi,Komunikasi,Remote,Introvert,Kinestetik,SF
Biologi,Teknik,Pemecahan masalah,Kantor,Ekstrovert,Auditori,SBM
Biologi,Seni,Analitis,Kantor,Ekstrovert,Auditori,SITH
Seni Budaya,Sains,Teknis,Remote,Introvert,Visual,FTI
Biologi,Teknologi,Teknis,Kantor,Ekstrovert,Kinestetik,FTI
Kimia,Teknologi,Analitis,Kantor,Introvert,Kinestetik,FTTM
Fisika,Kesehatan,Teknis,Kantor,Ekstrovert,Visual,FMIPA
Seni Budaya,Teknik,Komunikasi,Kantor,Introvert,Visual,FTTM
Matematika,Bisnis,Komunikasi,Kantor,Ekstrovert,Kinestetik,FTSL
Matematika,Sains,Teknis,Kantor,Ekstrovert,Kinestetik,SBM
Biologi,Bisnis,Analitis,Lapangan,Ekstrovert,Visual,FTI
Biologi,Teknologi,Kreativitas,Kantor,Ekstrovert,Kinestetik,STEI
Seni Budaya,Kesehatan,Komunikasi,Kantor,Introvert,Auditori,FMIPA
Seni Budaya,Sains,Kreativitas,Remote,Introvert,Visual,SBM
Matematika,Teknik,Pemecahan masalah,Remote,Ekstrovert,Auditori,FTI
Kimia,Teknik,Analitis,Remote,Introvert,Visual,SAPPK
Fisika,Kesehatan,Pemecahan masalah,Remote,Introvert,Kinestetik,FTSL
Biologi,Kesehatan,Analitis,Lapangan,Introvert,Kinestetik,STEI
Seni Budaya,Seni,Analitis,Remote,Introvert,Auditori,FITB
Fisika,Sains,Teknis,Lapangan,Ekstrovert,Auditori,FMIPA
Fisika,Teknologi,Komunikasi,Kantor,Introvert,Auditori,SF
Seni Budaya,Seni,Kreativitas,Lapangan,Ekstrovert,Auditori,SAPPK
Matematika,Bisnis,Teknis,Kantor,Ekstrovert,Auditori,SITH
Fisika,Kesehatan,Komunikasi,Lapangan,Ekstrovert,Auditori,FTI
Biologi,Sains,Teknis,Remote,Introvert,Visual,FSRD
Seni Budaya,Seni,Komunikasi,Remote,Ekstrovert,Visual,FTSL
Matematika,Bisnis,Komunikasi,Lapangan,Introvert,Visual,SBM
Biologi,Bisnis,Pemecahan masalah,Kantor,Ekstrovert,Kinestetik,FTTM
Seni Budaya,Seni,Analitis,Lapangan,Introvert,Kinestetik,FTMD
Seni Budaya,Seni,Teknis,Kantor,Ekstrovert,Auditori,SBM
Seni Budaya,Teknik,Komunikasi,Kantor,Ekstrovert,Auditori,FTI
Biologi,Seni,Kreativitas,Kantor,Introvert,Kinestetik,FMIPA
Fisika,Teknik,Kreativitas,Remote,Introvert,Auditori,FTMD
Matematika,Kesehatan,Pemecahan masalah,Kantor,Ekstrovert,Kinestetik,FMIPA
Biologi,Sains,Analitis,Remote,Ekstrovert,Auditori,FTSL
Seni Budaya,Bisnis,Teknis,Kantor,Ekstrovert,Kinestetik,SITH
Seni Budaya,Bisnis,Teknis,Lapangan,Introvert,Visual,SITH
Kimia,Teknik,Kreativitas,Lapangan,Ekstrovert,Auditori,SBM
Biologi,Seni,Komunikasi,Remote,Ekstrovert,Visual,SAPPK
Matematika,Seni,Teknis,Lapangan,Ekstrovert,Kinestetik,SAPPK
Fisika,Kesehatan,Teknis,Remote,Introvert,Auditori,SAPPK
Kimia,Teknologi,Kreativitas,Remote,Introvert,Visual,FTMD
Seni Budaya,Bisnis,Kreativitas,Remote,Introvert,Visual,FTTM
Kimia,Bisnis,Pemecahan masalah,Lapangan,Introvert,Kinestetik,FTTM
Biologi,Teknik,Kreativitas,Lapangan,Ekstrovert,Visual,FSRD
Seni Budaya,Seni,Komunikasi,Kantor,Ekstrovert,Kinestetik,FITB
Matematika,Teknik,Pemecahan masalah,Lapangan,Ekstrovert,Kinestetik,FTMD
Fisika,Bisnis,Kreativitas,Kantor,Introvert,Kinestetik,FITB
Kimia,Teknologi,Kreativitas,Remote,Introvert,Kinestetik,SF
Fisika,Teknik,Pemecahan masalah,Kantor,Ekstrovert,Visual,FMIPA
Matematika,Teknologi,Analitis,Kantor,Ekstrovert,Kinestetik,FMIPA
Seni Budaya,Seni,Pemecahan masalah,Kantor,Ekstrovert,Kinestetik,SAPPK
Seni Budaya,Teknologi,Analitis,Lapangan,Introvert,Visual,FMIPA
Matematika,Teknologi,Kreativitas,Kantor,Introvert,Auditori,FTSL
Biologi,Teknologi,Komunikasi,Kantor,Ekstrovert,Auditori,SBM
Fisika,Sains,Komunikasi,Remote,Ekstrovert,Auditori,SITH
Seni Budaya,Seni,Kreativitas,Lapangan,Introvert,Visual,FTSL
Matematika,Kesehatan,Teknis,Remote,Introvert,Visual,FTTM
Fisika,Bisnis,Pemecahan masalah,Remote,Ekstrovert,Kinestetik,FTMD
Kimia,Teknologi,Kreativitas,Lapangan,Ekstrovert,Visual,FTSL
Kimia,Bisnis,Kreativitas,Lapangan,Introvert,Visual,FSRD
Fisika,Teknik,Komunikasi,Lapangan,Ekstrovert,Visual,FTI
Kimia,Teknologi,Pemecahan masalah,Lapangan,Ekstrovert,Visual,SAPPK
Fisika,Teknologi,Analitis,Kantor,Ekstrovert,Visual,FTMD
Biologi,Teknologi,Pemecahan masalah,Lapangan,Introvert,Visual,SF
Kimia,Kesehatan,Pemecahan masalah,Kantor,Ekstrovert,Kinestetik,FTSL
Fisika,Seni,Pemecahan masalah,Lapangan,Introvert,Kinestetik,FITB
Biologi,Sains,Kreativitas,Lapangan,Ekstrovert,Auditori,STEI
Matematika,Bisnis,Kreativitas,Remote,Introvert,Auditori,SAPPK
Matematika,Seni,Kreativitas,Lapangan,Introvert,Kinestetik,FITB
Seni Budaya,Teknik,Pemecahan masalah,Kantor,Introvert,Kinestetik,SITH
Matematika,Kesehatan,Pemecahan masalah,Remote,Ekstrovert,Auditori,FSRD
Fisika,Kesehatan,Pemecahan masalah,Kantor,Ekstrovert,Kinestetik,FTSL
Matematika,Teknik,Pemecahan masalah,Remote,Ekstrovert,Visual,SBM
Matematika,Sains,Teknis,Kantor,Introvert,Auditori,FMIPA
Matematika,Kesehatan,Komunikasi,Lapangan,Ekstrovert,Visual,SITH
Fisika,Sains,Kreativitas,Kantor,Introvert,Kinestetik,STEI
Biologi,Teknik,Komunikasi,Kantor,Introvert,Visual,FTTM
Biologi,Kesehatan,Kreativitas,Remote,Ekstrovert,Visual,FTTM
Matematika,Sains,Komunikasi,Kantor,Ekstrovert,Visual,FMIPA
Kimia,Teknik,Komunikasi,Lapangan,Introvert,Kinestetik,SAPPK
Seni Budaya,Teknik,Analitis,Lapangan,Ekstrovert,Visual,SITH
Fisika,Kesehatan,Analitis,Lapangan,Introvert,Auditori,FTTM
Biologi,Bisnis,Komunikasi,Kantor,Introvert,Visual,FITB
Fisika,Kesehatan,Teknis,Kantor,Ekstrovert,Visual,SITH
Matematika,Sains,Kreativitas,Lapangan,Ekstrovert,Kinestetik,STEI
Kimia,Kesehatan,Analitis,Remote,Ekstrovert,Kinestetik,FITB
Kimia,Sains,Teknis,Kantor,Introvert,Auditori,FTMD
Kimia,Seni,Pemecahan masalah,Lapangan,Introvert,Auditori,SITH
Kimia,Seni,Analitis,Remote,Introvert,Visual,SF
Matematika,Teknik,Pemecahan masalah,Kantor,Ekstrovert,Kinestetik,FITB
Biologi,Kesehatan,Teknis,Lapangan,Ekstrovert,Kinestetik,SITH
Matematika,Seni,Komunikasi,Remote,Introvert,Kinestetik,FTI
Kimia,Teknik,Pemecahan masalah,Lapangan,Introvert,Visual,FMIPA
Biologi,Seni,Komunikasi,Remote,Ekstrovert,Kinestetik,FMIPA
Fisika,Teknik,Teknis,Lapangan,Introvert,Visual,STEI
Kimia,Kesehatan,Kreativitas,Lapangan,Ekstrovert,Kinestetik,FITB
Fisika,Bisnis,Kreativitas,Lapangan,Introvert,Visual,FMIPA
Biologi,Teknologi,Komunikasi,Remote,Ekstrovert,Auditori,SITH
Matematika,Kesehatan,Pemecahan masalah,Kantor,Introvert,Kinestetik,STEI
Kimia,Teknik,Komunikasi,Remote,Introvert,Kinestetik,SITH
Seni Budaya,Teknik,Kreativitas,Remote,Introvert,Visual,SITH
Fisika,Sains,Analitis,Lapangan,Introvert,Kinestetik,SF
Biologi,Seni,Pemecahan masalah,Kantor,Introvert,Auditori,SF
Kimia,Seni,Analitis,Kantor,Introvert,Kinestetik,FMIPA
Matematika,Kesehatan,Komunikasi,Lapangan,Introvert,Kinestetik,STEI
Fisika,Seni,Analitis,Lapangan,Introvert,Auditori,FITB
Seni Budaya,Kesehatan,Teknis,Kantor,Ekstrovert,Kinestetik,SAPPK
Kimia,Sains,Teknis,Kantor,Ekstrovert,Auditori,STEI
Kimia,Seni,Kreativitas,Kantor,Ekstrovert,Auditori,FTI
Matematika,Bisnis,Pemecahan masalah,Kantor,Introvert,Auditori,SITH
Seni Budaya,Teknik,Analitis,Kantor,Introvert,Kinestetik,STEI
Matematika,Sains,Analitis,Remote,Introvert,Kinestetik,STEI
Fisika,Bisnis,Komunikasi,Kantor,Introvert,Auditori,SBM
Biologi,Teknologi,Teknis,Kantor,Introvert,Auditori,STEI
Biologi,Teknologi,Pemecahan masalah,Lapangan,Ekstrovert,Visual,SAPPK
Matematika,Kesehatan,Pemecahan masalah,Kantor,Ekstrovert,Visual,FTMD
Seni Budaya,Sains,Teknis,Remote,Introvert,Kinestetik,SAPPK
Fisika,Sains,Analitis,Remote,Ekstrovert,Visual,SF
Fisika,Teknik,Pemecahan masalah,Kantor,Introvert,Kinestetik,SAPPK
Seni Budaya,Sains,Analitis,Kantor,Introvert,Visual,SBM
Fisika,Seni,Pemecahan masalah,Kantor,Ekstrovert,Auditori,FSRD
Fisika,Sains,Analitis,Lapangan,Introvert,Kinestetik,FTSL
Biologi,Teknik,Komunikasi,Lapangan,Ekstrovert,Auditori,SF
Kimia,Kesehatan,Kreativitas,Lapangan,Ekstrovert,Visual,STEI
Kimia,Teknik,Komunikasi,Lapangan,Ekstrovert,Visual,FTMD
Fisika,Seni,Kreativitas,Remote,Ekstrovert,Auditori,SF
Fisika,Sains,Komunikasi,Remote,Introvert,Auditori,FTSL
Biologi,Seni,Kreativitas,Kantor,Introvert,Auditori,FITB
Fisika,Teknologi,Pemecahan masalah,Lapangan,Introvert,Auditori,FTI
Matematika,Bisnis,Kreativitas,Remote,Ekstrovert,Auditori,FTI
Biologi,Sains,Kreativitas,Remote,Ekstrovert,Kinestetik,FTMD
Seni Budaya,Teknologi,Kreativitas,Remote,Introvert,Kinestetik,FTSL
Fisika,Teknologi,Teknis,Kantor,Introvert,Visual,SBM
Matematika,Teknologi,Kreativitas,Kantor,Ekstrovert,Visual,FTSL
Seni Budaya,Teknologi,Kreativitas,Remote,Introvert,Auditori,SF
Matematika,Bisnis,Teknis,Lapangan,Introvert,Auditori,STEI
Kimia,Bisnis,Kreativitas,Kantor,Introvert,Kinestetik,FMIPA
Fisika,Seni,Kreativitas,Remote,Introvert,Kinestetik,FITB
Kimia,Sains,Teknis,Remote,Introvert,Auditori,SF
Fisika,Kesehatan,Analitis,Lapangan,Introvert,Kinestetik,FITB
Kimia,Teknik,Pemecahan masalah,Remote,Introvert,Auditori,FTI
Kimia,Bisnis,Kreativitas,Kantor,Ekstrovert,Auditori,SAPPK
Biologi,Bisnis,Kreativitas,Remote,Introvert,Auditori,FMIPA
Kimia,Kesehatan,Pemecahan masalah,Lapangan,Ekstrovert,Kinestetik,FTMD
Biologi,Teknik,Teknis,Kantor,Introvert,Visual,SF
Seni Budaya,Teknologi,Komunikasi,Remote,Introvert,Kinestetik,FITB
Fisika,Seni,Komunikasi,Lapangan,Ekstrovert,Kinestetik,STEI
Fisika,Sains,Kreativitas,Remote,Ekstrovert,Kinestetik,SAPPK
Kimia,Kesehatan,Kreativitas,Remote,Introvert,Kinestetik,FMIPA
Biologi,Sains,Kreativitas,Lapangan,Introvert,Visual,FSRD
Seni Budaya,Kesehatan,Pemecahan masalah,Lapangan,Introvert,Visual,FTMD
Kimia,Bisnis,Analitis,Remote,Introvert,Visual,SF
Kimia,Teknik,Pemecahan masalah,Remote,Introvert,Auditori,STEI
Matematika,Bisnis,Komunikasi,Remote,Introvert,Auditori,SITH
Fisika,Sains,Komunikasi,Kantor,Introvert,Auditori,SBM
Seni Budaya,Teknologi,Komunikasi,Kantor,Ekstrovert,Auditori,FSRD
Fisika,Sains,Analitis,Remote,Introvert,Kinestetik,STEI
Biologi,Kesehatan,Pemecahan masalah,Kantor,Ekstrovert,Visual,FTI
Seni Budaya,Teknik,Pemecahan masalah,Kantor,Introvert,Kinestetik,FITB
Seni Budaya,Seni,Pemecahan masalah,Kantor,Introvert,Visual,FTMD
Matematika,Seni,Analitis,Kantor,Introvert,Auditori,FSRD
Matematika,Sains,Komunikasi,Lapangan,Ekstrovert,Auditori,FTMD
Kimia,Teknologi,Analitis,Remote,Introvert,Kinestetik,FSRD
Kimia,Sains,Komunikasi,Remote,Ekstrovert,Visual,FSRD
Seni Budaya,Sains,Pemecahan masalah,Kantor,Ekstrovert,Visual,SAPPK
Seni Budaya,Teknik,Komunikasi,Remote,Ekstrovert,Auditori,FTSL
Matematika,Teknik,Komunikasi,Kantor,Ekstrovert,Kinestetik,FSRD
Kimia,Kesehatan,Komunikasi,Kantor,Introvert,Auditori,FTTM
Kimia,Teknik,Teknis,Remote,Introvert,Auditori,SITH
Biologi,Sains,Komunikasi,Lapangan,Introvert,Auditori,FTTM
Kimia,Bisnis,Kreativitas,Lapangan,Ekstrovert,Kinestetik,FITB
Biologi,Sains,Kreativitas,Kantor,Ekstrovert,Visual,STEI
Kimia,Seni,Komunikasi,Lapangan,Introvert,Kinestetik,FTTM
Kimia,Seni,Kreativitas,Remote,Ekstrovert,Visual,FMIPA
Kimia,Sains,Pemecahan masalah,Remote,Introvert,Auditori,FSRD
Seni Budaya,Teknik,Pemecahan masalah,Remote,Introvert,Auditori,FMIPA
Matematika,Bisnis,Teknis,Remote,Introvert,Visual,SBM
Kimia,Teknik,Kreativitas,Remote,Ekstrovert,Auditori,STEI
Seni Budaya,Sains,Analitis,Remote,Introvert,Kinestetik,SF
Kimia,Teknik,Komunikasi,Remote,Introvert,Kinestetik,SITH
Matematika,Bisnis,Komunikasi,Kantor,Ekstrovert,Kinestetik,FTTM
